{"cameraMode":{"drawMode":0,"name":"Shaded","section":"Shading Mode"},"sceneLighting":true,"audioPlay":false,"sceneViewState":{"m_AlwaysRefresh":false,"showFog":true,"showSkybox":true,"showFlares":true,"showImageEffects":true,"showParticleSystems":true,"showVisualEffectGraphs":true,"m_FxEnabled":true},"in2DMode":false,"pivot":{"x":224.5413055419922,"y":284.49993896484377,"z":115.72747802734375},"rotation":{"x":0.09924876689910889,"y":0.16488702595233918,"z":-0.0166751891374588,"w":0.9811680316925049},"size":540.0196533203125,"orthographic":false}