{"cameraMode":{"drawMode":0,"name":"Shaded","section":"Shading Mode"},"sceneLighting":true,"audioPlay":false,"sceneViewState":{"m_AlwaysRefresh":false,"showFog":true,"showSkybox":true,"showFlares":true,"showImageEffects":true,"showParticleSystems":true,"showVisualEffectGraphs":true,"m_FxEnabled":true},"in2DMode":false,"pivot":{"x":12.217203140258789,"y":4.632171630859375,"z":-6.865575790405273},"rotation":{"x":-0.0012471777154132724,"y":0.9942333698272705,"z":-0.10659939050674439,"w":-0.011632106266915799},"size":11.852886199951172,"orthographic":false}